{
  "status": "complete",
  "current_run": {
    "run_id": "pmt_recipe_288_768_mbpatch_30",
    "label": "288x144, 768 mbpatch, 30ep",
    "short": "288/768 mbpatch",
    "log_path": "/home/cgv841/ybj/TVI-LFM/logs/stage_a_pmt_vit_recipe_288x144_768_mbpatch_run1/sysu/Base/Baseline_train[RGB_IR]_pmt_recipe/logs/log.log",
    "train_epochs": 30,
    "eval_points": 15,
    "final_train_epoch": 29,
    "final_eval_epoch": 29,
    "final_rank1": 0.63468313,
    "final_mAP": 0.6236933806061316,
    "final_mINP": 0.5020737537868222,
    "best_rank1_epoch": 27,
    "best_rank1": 0.63846964,
    "best_rank1_mAP": 0.6264534674659308,
    "best_rank1_mINP": 0.5040276839047779,
    "best_mAP_epoch": 27,
    "best_mAP": 0.6264534674659308,
    "best_mAP_rank1": 0.63846964,
    "best_mAP_mINP": 0.5040276839047779,
    "best_mINP_epoch": 27,
    "best_mINP": 0.5040276839047779,
    "best_mINP_rank1": 0.63846964,
    "best_mINP_mAP": 0.6264534674659308,
    "checkpoints": [
      "/home/cgv841/ybj/TVI-LFM/logs/stage_a_pmt_vit_recipe_288x144_768_mbpatch_run1/sysu/Base/Baseline_train[RGB_IR]_pmt_recipe/models/model_IR_27.pth"
    ]
  },
  "references": [
    {
      "run_id": "pmt_recipe_288_768_no_projection",
      "label": "288x144, 768 no-proj, 24ep",
      "short": "288/768 no-proj",
      "log_path": "/home/cgv841/ybj/TVI-LFM/logs/stage_a_pmt_vit_recipe_288x144_768_run1/sysu/Base/Baseline_train[RGB_IR]_pmt_recipe/logs/log.log",
      "train_epochs": 24,
      "eval_points": 12,
      "final_train_epoch": 23,
      "final_eval_epoch": 23,
      "final_rank1": 0.6543782,
      "final_mAP": 0.6411114503056519,
      "final_mINP": 0.515839151410548,
      "best_rank1_epoch": 21,
      "best_rank1": 0.6552722,
      "best_rank1_mAP": 0.6410838803869323,
      "best_rank1_mINP": 0.5164715971259015,
      "best_mAP_epoch": 23,
      "best_mAP": 0.6411114503056519,
      "best_mAP_rank1": 0.6543782,
      "best_mAP_mINP": 0.515839151410548,
      "best_mINP_epoch": 21,
      "best_mINP": 0.5164715971259015,
      "best_mINP_rank1": 0.6552722,
      "best_mINP_mAP": 0.6410838803869323,
      "checkpoints": [
        "/home/cgv841/ybj/TVI-LFM/logs/stage_a_pmt_vit_recipe_288x144_768_run1/sysu/Base/Baseline_train[RGB_IR]_pmt_recipe/models/model_IR_21.pth"
      ]
    },
    {
      "run_id": "pmt_recipe_288_2048_projection",
      "label": "288x144, 2048 proj, 24ep",
      "short": "288/2048 proj",
      "log_path": "/home/cgv841/ybj/TVI-LFM/logs/stage_a_pmt_vit_recipe_288x144_run2/sysu/Base/Baseline_train[RGB_IR]_pmt_recipe/logs/log.log",
      "train_epochs": 24,
      "eval_points": 12,
      "final_train_epoch": 23,
      "final_eval_epoch": 23,
      "final_rank1": 0.6471207,
      "final_mAP": 0.6241672673336647,
      "final_mINP": 0.489805989023656,
      "best_rank1_epoch": 23,
      "best_rank1": 0.6471207,
      "best_rank1_mAP": 0.6241672673336647,
      "best_rank1_mINP": 0.489805989023656,
      "best_mAP_epoch": 23,
      "best_mAP": 0.6241672673336647,
      "best_mAP_rank1": 0.6471207,
      "best_mAP_mINP": 0.489805989023656,
      "best_mINP_epoch": 23,
      "best_mINP": 0.489805989023656,
      "best_mINP_rank1": 0.6471207,
      "best_mINP_mAP": 0.6241672673336647,
      "checkpoints": [
        "/home/cgv841/ybj/TVI-LFM/logs/stage_a_pmt_vit_recipe_288x144_run2/sysu/Base/Baseline_train[RGB_IR]_pmt_recipe/models/model_IR_23.pth"
      ]
    },
    {
      "run_id": "pmt_recipe_256_2048_projection",
      "label": "256x128, 2048 proj, 24ep",
      "short": "256/2048 proj",
      "log_path": "/home/cgv841/ybj/TVI-LFM/logs/stage_a_pmt_vit_recipe_256x128_run2/sysu/Base/Baseline_train[RGB_IR]_pmt_recipe/logs/log.log",
      "train_epochs": 24,
      "eval_points": 12,
      "final_train_epoch": 23,
      "final_eval_epoch": 23,
      "final_rank1": 0.63681304,
      "final_mAP": 0.6188834971059285,
      "final_mINP": 0.48570241512104195,
      "best_rank1_epoch": 23,
      "best_rank1": 0.63681304,
      "best_rank1_mAP": 0.6188834971059285,
      "best_rank1_mINP": 0.48570241512104195,
      "best_mAP_epoch": 23,
      "best_mAP": 0.6188834971059285,
      "best_mAP_rank1": 0.63681304,
      "best_mAP_mINP": 0.48570241512104195,
      "best_mINP_epoch": 23,
      "best_mINP": 0.48570241512104195,
      "best_mINP_rank1": 0.63681304,
      "best_mINP_mAP": 0.6188834971059285,
      "checkpoints": [
        "/home/cgv841/ybj/TVI-LFM/logs/stage_a_pmt_vit_recipe_256x128_run2/sysu/Base/Baseline_train[RGB_IR]_pmt_recipe/models/model_IR_23.pth"
      ]
    }
  ],
  "external_references": [
    {
      "label": "PMT official ckpt avg",
      "short": "PMT official",
      "rank1": 68.51,
      "mAP": 66.68,
      "mINP": 54.26,
      "note": "External PMT checkpoint reference, not TVI-LFM Stage A."
    },
    {
      "label": "PMT-SYSU mbpatch reproduction",
      "short": "PMT-SYSU mbpatch",
      "rank1": 70.4443871974945,
      "mAP": 67.65964706393132,
      "mINP": 54.86118641107997,
      "note": "Independent PMT-SYSU mbpatch reproduction, not TVI-LFM Stage A."
    }
  ],
  "current_best_rank1_checkpoint_pct": {
    "rank1_pct": 63.84696399999999,
    "mAP_pct": 62.64534674659308,
    "mINP_pct": 50.40276839047779,
    "epoch": 27
  },
  "current_final_pct": {
    "rank1_pct": 63.468312999999995,
    "mAP_pct": 62.36933806061315,
    "mINP_pct": 50.207375378682215,
    "epoch": 29
  },
  "delta_mbpatch_vs_288_768_no_proj_points": {
    "rank1_points": -1.6802560000000022,
    "mAP_at_best_rank1_points": -1.4630412921001534,
    "mINP_at_best_rank1_points": -1.2443913221123593,
    "final_rank1_points": -1.9695070000000037,
    "final_mAP_points": -1.741806969952031,
    "final_mINP_points": -1.3765397623725861,
    "best_rank1_epochs": {
      "mbpatch": 27,
      "no_proj": 21
    }
  },
  "delta_mbpatch_vs_288_2048_proj_points": {
    "rank1_points": -0.8651060000000044,
    "mAP_at_best_rank1_points": 0.2286200132266103,
    "mINP_at_best_rank1_points": 1.4221694881121905,
    "final_rank1_points": -1.243757000000001,
    "final_mAP_points": -0.04738867275331238,
    "final_mINP_points": 1.2267764763166156,
    "best_rank1_epochs": {
      "mbpatch": 27,
      "proj288": 23
    }
  },
  "delta_mbpatch_vs_256_2048_proj_points": {
    "rank1_points": 0.1656599999999897,
    "mAP_at_best_rank1_points": 0.7569970360002287,
    "mINP_at_best_rank1_points": 1.832526878373597,
    "final_rank1_points": -0.2129910000000068,
    "final_mAP_points": 0.48098835002030604,
    "final_mINP_points": 1.6371338665780222,
    "best_rank1_epochs": {
      "mbpatch": 27,
      "proj256": 23
    }
  },
  "plots": {
    "dashboard": "/home/cgv841/ybj/TVI-LFM/train_outputs/stage_a_pmt_recipe_mbpatch_30/plots/mbpatch_comparison_dashboard.png",
    "rank1": "/home/cgv841/ybj/TVI-LFM/train_outputs/stage_a_pmt_recipe_mbpatch_30/plots/mbpatch_eval_rank1.png",
    "map": "/home/cgv841/ybj/TVI-LFM/train_outputs/stage_a_pmt_recipe_mbpatch_30/plots/mbpatch_eval_map.png",
    "minp": "/home/cgv841/ybj/TVI-LFM/train_outputs/stage_a_pmt_recipe_mbpatch_30/plots/mbpatch_eval_minp.png",
    "loss": "/home/cgv841/ybj/TVI-LFM/train_outputs/stage_a_pmt_recipe_mbpatch_30/plots/mbpatch_train_total_loss.png",
    "acc": "/home/cgv841/ybj/TVI-LFM/train_outputs/stage_a_pmt_recipe_mbpatch_30/plots/mbpatch_train_acc.png",
    "best_bars": "/home/cgv841/ybj/TVI-LFM/train_outputs/stage_a_pmt_recipe_mbpatch_30/plots/mbpatch_best_metric_bars.png",
    "external_bars": "/home/cgv841/ybj/TVI-LFM/train_outputs/stage_a_pmt_recipe_mbpatch_30/plots/mbpatch_external_reference_bars.png",
    "epoch23_bars": "/home/cgv841/ybj/TVI-LFM/train_outputs/stage_a_pmt_recipe_mbpatch_30/plots/mbpatch_epoch23_metric_bars.png"
  }
}