{
  "epoch": 2,
  "metrics": {
    "mAP": 0.7474418090736576,
    "modality": "rgb",
    "mode": "all",
    "num_gallery_candidates": 6775,
    "num_queries": 6775,
    "protocol": "same_modality",
    "rank1": 0.7697847067557535,
    "rank10": 0.9768374164810689,
    "rank20": 0.9896807720861174,
    "rank5": 0.9492947290274685
  },
  "retrieval_examples": [
    {
      "gallery_paths": [
        "/home/cgv841/datasets/SYSU-MM01/cam2/0006/0017.jpg",
        "/home/cgv841/datasets/SYSU-MM01/cam1/0006/0027.jpg",
        "/home/cgv841/datasets/SYSU-MM01/cam4/0006/0018.jpg",
        "/home/cgv841/datasets/SYSU-MM01/cam5/0006/0004.jpg",
        "/home/cgv841/datasets/SYSU-MM01/cam5/0051/0002.jpg"
      ],
      "gallery_pids": [
        6,
        6,
        6,
        6,
        51
      ],
      "query_camid": 1,
      "query_path": "/home/cgv841/datasets/SYSU-MM01/cam1/0006/0001.jpg",
      "query_pid": 6,
      "scores": [
        0.9788347482681274,
        0.9761485457420349,
        0.9675120115280151,
        0.9454552531242371,
        0.8212976455688477
      ]
    },
    {
      "gallery_paths": [
        "/home/cgv841/datasets/SYSU-MM01/cam2/0006/0017.jpg",
        "/home/cgv841/datasets/SYSU-MM01/cam1/0006/0027.jpg",
        "/home/cgv841/datasets/SYSU-MM01/cam4/0006/0018.jpg",
        "/home/cgv841/datasets/SYSU-MM01/cam5/0006/0004.jpg",
        "/home/cgv841/datasets/SYSU-MM01/cam5/0051/0002.jpg"
      ],
      "gallery_pids": [
        6,
        6,
        6,
        6,
        51
      ],
      "query_camid": 1,
      "query_path": "/home/cgv841/datasets/SYSU-MM01/cam1/0006/0002.jpg",
      "query_pid": 6,
      "scores": [
        0.9793173670768738,
        0.9771741628646851,
        0.9685462713241577,
        0.9414336681365967,
        0.8465945720672607
      ]
    },
    {
      "gallery_paths": [
        "/home/cgv841/datasets/SYSU-MM01/cam2/0006/0017.jpg",
        "/home/cgv841/datasets/SYSU-MM01/cam1/0006/0027.jpg",
        "/home/cgv841/datasets/SYSU-MM01/cam4/0006/0018.jpg",
        "/home/cgv841/datasets/SYSU-MM01/cam5/0006/0004.jpg",
        "/home/cgv841/datasets/SYSU-MM01/cam5/0051/0002.jpg"
      ],
      "gallery_pids": [
        6,
        6,
        6,
        6,
        51
      ],
      "query_camid": 1,
      "query_path": "/home/cgv841/datasets/SYSU-MM01/cam1/0006/0003.jpg",
      "query_pid": 6,
      "scores": [
        0.9793179035186768,
        0.9709539413452148,
        0.965370774269104,
        0.9354015588760376,
        0.8481964468955994
      ]
    },
    {
      "gallery_paths": [
        "/home/cgv841/datasets/SYSU-MM01/cam2/0006/0017.jpg",
        "/home/cgv841/datasets/SYSU-MM01/cam1/0006/0027.jpg",
        "/home/cgv841/datasets/SYSU-MM01/cam4/0006/0018.jpg",
        "/home/cgv841/datasets/SYSU-MM01/cam5/0006/0004.jpg",
        "/home/cgv841/datasets/SYSU-MM01/cam5/0051/0002.jpg"
      ],
      "gallery_pids": [
        6,
        6,
        6,
        6,
        51
      ],
      "query_camid": 1,
      "query_path": "/home/cgv841/datasets/SYSU-MM01/cam1/0006/0004.jpg",
      "query_pid": 6,
      "scores": [
        0.9758330583572388,
        0.9663980007171631,
        0.9564314484596252,
        0.9220515489578247,
        0.8385809659957886
      ]
    },
    {
      "gallery_paths": [
        "/home/cgv841/datasets/SYSU-MM01/cam2/0006/0017.jpg",
        "/home/cgv841/datasets/SYSU-MM01/cam1/0006/0027.jpg",
        "/home/cgv841/datasets/SYSU-MM01/cam4/0006/0018.jpg",
        "/home/cgv841/datasets/SYSU-MM01/cam5/0006/0004.jpg",
        "/home/cgv841/datasets/SYSU-MM01/cam5/0051/0002.jpg"
      ],
      "gallery_pids": [
        6,
        6,
        6,
        6,
        51
      ],
      "query_camid": 1,
      "query_path": "/home/cgv841/datasets/SYSU-MM01/cam1/0006/0005.jpg",
      "query_pid": 6,
      "scores": [
        0.9785970449447632,
        0.9671072959899902,
        0.9649910926818848,
        0.9281070232391357,
        0.8617391586303711
      ]
    },
    {
      "gallery_paths": [
        "/home/cgv841/datasets/SYSU-MM01/cam2/0006/0017.jpg",
        "/home/cgv841/datasets/SYSU-MM01/cam1/0006/0027.jpg",
        "/home/cgv841/datasets/SYSU-MM01/cam4/0006/0018.jpg",
        "/home/cgv841/datasets/SYSU-MM01/cam5/0006/0004.jpg",
        "/home/cgv841/datasets/SYSU-MM01/cam4/0051/0008.jpg"
      ],
      "gallery_pids": [
        6,
        6,
        6,
        6,
        51
      ],
      "query_camid": 1,
      "query_path": "/home/cgv841/datasets/SYSU-MM01/cam1/0006/0006.jpg",
      "query_pid": 6,
      "scores": [
        0.9803100228309631,
        0.9662470817565918,
        0.9545412063598633,
        0.9172229766845703,
        0.8361915349960327
      ]
    },
    {
      "gallery_paths": [
        "/home/cgv841/datasets/SYSU-MM01/cam2/0006/0017.jpg",
        "/home/cgv841/datasets/SYSU-MM01/cam1/0006/0027.jpg",
        "/home/cgv841/datasets/SYSU-MM01/cam4/0006/0018.jpg",
        "/home/cgv841/datasets/SYSU-MM01/cam5/0006/0004.jpg",
        "/home/cgv841/datasets/SYSU-MM01/cam5/0051/0002.jpg"
      ],
      "gallery_pids": [
        6,
        6,
        6,
        6,
        51
      ],
      "query_camid": 1,
      "query_path": "/home/cgv841/datasets/SYSU-MM01/cam1/0006/0007.jpg",
      "query_pid": 6,
      "scores": [
        0.9826508164405823,
        0.9755830764770508,
        0.973956823348999,
        0.9348920583724976,
        0.8409535884857178
      ]
    },
    {
      "gallery_paths": [
        "/home/cgv841/datasets/SYSU-MM01/cam2/0006/0017.jpg",
        "/home/cgv841/datasets/SYSU-MM01/cam1/0006/0027.jpg",
        "/home/cgv841/datasets/SYSU-MM01/cam4/0006/0018.jpg",
        "/home/cgv841/datasets/SYSU-MM01/cam5/0006/0004.jpg",
        "/home/cgv841/datasets/SYSU-MM01/cam5/0051/0002.jpg"
      ],
      "gallery_pids": [
        6,
        6,
        6,
        6,
        51
      ],
      "query_camid": 1,
      "query_path": "/home/cgv841/datasets/SYSU-MM01/cam1/0006/0008.jpg",
      "query_pid": 6,
      "scores": [
        0.9779361486434937,
        0.9667288064956665,
        0.964250385761261,
        0.9262517690658569,
        0.8312512040138245
      ]
    }
  ]
}