{
  "epoch": 28,
  "metrics": {
    "mAP": 0.8993643918254463,
    "modality": "rgb",
    "mode": "all",
    "num_gallery_candidates": 6775,
    "num_queries": 6775,
    "protocol": "same_modality",
    "rank1": 0.9312546399406088,
    "rank10": 0.9906458797327394,
    "rank20": 0.9936896807720863,
    "rank5": 0.983221974758723
  },
  "retrieval_examples": [
    {
      "gallery_paths": [
        "/home/cgv841/datasets/SYSU-MM01/cam2/0006/0010.jpg",
        "/home/cgv841/datasets/SYSU-MM01/cam1/0006/0008.jpg",
        "/home/cgv841/datasets/SYSU-MM01/cam4/0006/0015.jpg",
        "/home/cgv841/datasets/SYSU-MM01/cam5/0006/0015.jpg",
        "/home/cgv841/datasets/SYSU-MM01/cam2/0253/0014.jpg"
      ],
      "gallery_pids": [
        6,
        6,
        6,
        6,
        253
      ],
      "query_camid": 1,
      "query_path": "/home/cgv841/datasets/SYSU-MM01/cam1/0006/0001.jpg",
      "query_pid": 6,
      "scores": [
        0.9124716520309448,
        0.8891898393630981,
        0.8582700490951538,
        0.6751709580421448,
        0.42022544145584106
      ]
    },
    {
      "gallery_paths": [
        "/home/cgv841/datasets/SYSU-MM01/cam2/0006/0010.jpg",
        "/home/cgv841/datasets/SYSU-MM01/cam4/0006/0015.jpg",
        "/home/cgv841/datasets/SYSU-MM01/cam1/0006/0008.jpg",
        "/home/cgv841/datasets/SYSU-MM01/cam5/0006/0015.jpg",
        "/home/cgv841/datasets/SYSU-MM01/cam1/0139/0013.jpg"
      ],
      "gallery_pids": [
        6,
        6,
        6,
        6,
        139
      ],
      "query_camid": 1,
      "query_path": "/home/cgv841/datasets/SYSU-MM01/cam1/0006/0002.jpg",
      "query_pid": 6,
      "scores": [
        0.9208319187164307,
        0.8739508390426636,
        0.8541876077651978,
        0.6499197483062744,
        0.43057018518447876
      ]
    },
    {
      "gallery_paths": [
        "/home/cgv841/datasets/SYSU-MM01/cam1/0006/0008.jpg",
        "/home/cgv841/datasets/SYSU-MM01/cam2/0006/0010.jpg",
        "/home/cgv841/datasets/SYSU-MM01/cam4/0006/0015.jpg",
        "/home/cgv841/datasets/SYSU-MM01/cam5/0006/0015.jpg",
        "/home/cgv841/datasets/SYSU-MM01/cam2/0253/0014.jpg"
      ],
      "gallery_pids": [
        6,
        6,
        6,
        6,
        253
      ],
      "query_camid": 1,
      "query_path": "/home/cgv841/datasets/SYSU-MM01/cam1/0006/0003.jpg",
      "query_pid": 6,
      "scores": [
        0.9502990245819092,
        0.9212765693664551,
        0.8957961201667786,
        0.6764506101608276,
        0.47070592641830444
      ]
    },
    {
      "gallery_paths": [
        "/home/cgv841/datasets/SYSU-MM01/cam2/0006/0010.jpg",
        "/home/cgv841/datasets/SYSU-MM01/cam1/0006/0008.jpg",
        "/home/cgv841/datasets/SYSU-MM01/cam4/0006/0015.jpg",
        "/home/cgv841/datasets/SYSU-MM01/cam5/0006/0015.jpg",
        "/home/cgv841/datasets/SYSU-MM01/cam2/0253/0014.jpg"
      ],
      "gallery_pids": [
        6,
        6,
        6,
        6,
        253
      ],
      "query_camid": 1,
      "query_path": "/home/cgv841/datasets/SYSU-MM01/cam1/0006/0004.jpg",
      "query_pid": 6,
      "scores": [
        0.923846960067749,
        0.921857476234436,
        0.8913983702659607,
        0.6478530168533325,
        0.45132309198379517
      ]
    },
    {
      "gallery_paths": [
        "/home/cgv841/datasets/SYSU-MM01/cam1/0006/0008.jpg",
        "/home/cgv841/datasets/SYSU-MM01/cam2/0006/0010.jpg",
        "/home/cgv841/datasets/SYSU-MM01/cam4/0006/0015.jpg",
        "/home/cgv841/datasets/SYSU-MM01/cam5/0006/0015.jpg",
        "/home/cgv841/datasets/SYSU-MM01/cam2/0253/0014.jpg"
      ],
      "gallery_pids": [
        6,
        6,
        6,
        6,
        253
      ],
      "query_camid": 1,
      "query_path": "/home/cgv841/datasets/SYSU-MM01/cam1/0006/0005.jpg",
      "query_pid": 6,
      "scores": [
        0.9514841437339783,
        0.9275768995285034,
        0.8902916312217712,
        0.6658934354782104,
        0.4978054165840149
      ]
    },
    {
      "gallery_paths": [
        "/home/cgv841/datasets/SYSU-MM01/cam1/0006/0008.jpg",
        "/home/cgv841/datasets/SYSU-MM01/cam2/0006/0010.jpg",
        "/home/cgv841/datasets/SYSU-MM01/cam4/0006/0015.jpg",
        "/home/cgv841/datasets/SYSU-MM01/cam5/0006/0015.jpg",
        "/home/cgv841/datasets/SYSU-MM01/cam2/0253/0014.jpg"
      ],
      "gallery_pids": [
        6,
        6,
        6,
        6,
        253
      ],
      "query_camid": 1,
      "query_path": "/home/cgv841/datasets/SYSU-MM01/cam1/0006/0006.jpg",
      "query_pid": 6,
      "scores": [
        0.9597987532615662,
        0.9058053493499756,
        0.8851803541183472,
        0.677161693572998,
        0.4956877827644348
      ]
    },
    {
      "gallery_paths": [
        "/home/cgv841/datasets/SYSU-MM01/cam1/0006/0008.jpg",
        "/home/cgv841/datasets/SYSU-MM01/cam2/0006/0010.jpg",
        "/home/cgv841/datasets/SYSU-MM01/cam4/0006/0015.jpg",
        "/home/cgv841/datasets/SYSU-MM01/cam5/0006/0015.jpg",
        "/home/cgv841/datasets/SYSU-MM01/cam2/0253/0014.jpg"
      ],
      "gallery_pids": [
        6,
        6,
        6,
        6,
        253
      ],
      "query_camid": 1,
      "query_path": "/home/cgv841/datasets/SYSU-MM01/cam1/0006/0007.jpg",
      "query_pid": 6,
      "scores": [
        0.9633368253707886,
        0.8617859482765198,
        0.8520077466964722,
        0.6183135509490967,
        0.5188188552856445
      ]
    },
    {
      "gallery_paths": [
        "/home/cgv841/datasets/SYSU-MM01/cam1/0006/0008.jpg",
        "/home/cgv841/datasets/SYSU-MM01/cam2/0006/0010.jpg",
        "/home/cgv841/datasets/SYSU-MM01/cam4/0006/0015.jpg",
        "/home/cgv841/datasets/SYSU-MM01/cam5/0006/0015.jpg",
        "/home/cgv841/datasets/SYSU-MM01/cam4/0253/0005.jpg"
      ],
      "gallery_pids": [
        6,
        6,
        6,
        6,
        253
      ],
      "query_camid": 1,
      "query_path": "/home/cgv841/datasets/SYSU-MM01/cam1/0006/0008.jpg",
      "query_pid": 6,
      "scores": [
        1.0,
        0.8833200335502625,
        0.8721058368682861,
        0.6321146488189697,
        0.47856253385543823
      ]
    }
  ]
}