{
  "epoch": 22,
  "metrics": {
    "mAP": 0.8318250605636408,
    "modality": "ir",
    "mode": "all",
    "num_gallery_candidates": 3803,
    "num_queries": 3803,
    "protocol": "same_modality",
    "rank1": 0.7389794282660966,
    "rank10": 0.986374565856265,
    "rank20": 0.9981298423724285,
    "rank5": 0.9560512957520706
  },
  "retrieval_examples": [
    {
      "gallery_paths": [
        "/home/cgv841/datasets/SYSU-MM01/cam3/0006/0016.jpg",
        "/home/cgv841/datasets/SYSU-MM01/cam6/0006/0004.jpg",
        "/home/cgv841/datasets/SYSU-MM01/cam3/0031/0001.jpg",
        "/home/cgv841/datasets/SYSU-MM01/cam3/0040/0002.jpg",
        "/home/cgv841/datasets/SYSU-MM01/cam3/0043/0003.jpg"
      ],
      "gallery_pids": [
        6,
        6,
        31,
        40,
        43
      ],
      "query_camid": 3,
      "query_path": "/home/cgv841/datasets/SYSU-MM01/cam3/0006/0001.jpg",
      "query_pid": 6,
      "scores": [
        0.7781134843826294,
        0.67142254114151,
        0.5689441561698914,
        0.5118720531463623,
        0.5049372911453247
      ]
    },
    {
      "gallery_paths": [
        "/home/cgv841/datasets/SYSU-MM01/cam3/0006/0016.jpg",
        "/home/cgv841/datasets/SYSU-MM01/cam6/0006/0004.jpg",
        "/home/cgv841/datasets/SYSU-MM01/cam3/0031/0001.jpg",
        "/home/cgv841/datasets/SYSU-MM01/cam3/0044/0015.jpg",
        "/home/cgv841/datasets/SYSU-MM01/cam3/0010/0020.jpg"
      ],
      "gallery_pids": [
        6,
        6,
        31,
        44,
        10
      ],
      "query_camid": 3,
      "query_path": "/home/cgv841/datasets/SYSU-MM01/cam3/0006/0002.jpg",
      "query_pid": 6,
      "scores": [
        0.7478736639022827,
        0.6967058181762695,
        0.5524861812591553,
        0.5380086302757263,
        0.5300717353820801
      ]
    },
    {
      "gallery_paths": [
        "/home/cgv841/datasets/SYSU-MM01/cam6/0006/0004.jpg",
        "/home/cgv841/datasets/SYSU-MM01/cam3/0006/0016.jpg",
        "/home/cgv841/datasets/SYSU-MM01/cam3/0031/0001.jpg",
        "/home/cgv841/datasets/SYSU-MM01/cam3/0043/0003.jpg",
        "/home/cgv841/datasets/SYSU-MM01/cam3/0040/0002.jpg"
      ],
      "gallery_pids": [
        6,
        6,
        31,
        43,
        40
      ],
      "query_camid": 3,
      "query_path": "/home/cgv841/datasets/SYSU-MM01/cam3/0006/0003.jpg",
      "query_pid": 6,
      "scores": [
        0.7330319881439209,
        0.7236320972442627,
        0.7157034277915955,
        0.691500186920166,
        0.6616969704627991
      ]
    },
    {
      "gallery_paths": [
        "/home/cgv841/datasets/SYSU-MM01/cam3/0006/0016.jpg",
        "/home/cgv841/datasets/SYSU-MM01/cam3/0031/0001.jpg",
        "/home/cgv841/datasets/SYSU-MM01/cam3/0043/0003.jpg",
        "/home/cgv841/datasets/SYSU-MM01/cam3/0040/0002.jpg",
        "/home/cgv841/datasets/SYSU-MM01/cam3/0044/0015.jpg"
      ],
      "gallery_pids": [
        6,
        31,
        43,
        40,
        44
      ],
      "query_camid": 3,
      "query_path": "/home/cgv841/datasets/SYSU-MM01/cam3/0006/0004.jpg",
      "query_pid": 6,
      "scores": [
        0.7460393309593201,
        0.7018823027610779,
        0.6892216801643372,
        0.6686575412750244,
        0.5767640471458435
      ]
    },
    {
      "gallery_paths": [
        "/home/cgv841/datasets/SYSU-MM01/cam3/0006/0016.jpg",
        "/home/cgv841/datasets/SYSU-MM01/cam6/0006/0004.jpg",
        "/home/cgv841/datasets/SYSU-MM01/cam3/0044/0015.jpg",
        "/home/cgv841/datasets/SYSU-MM01/cam3/0043/0003.jpg",
        "/home/cgv841/datasets/SYSU-MM01/cam3/0031/0001.jpg"
      ],
      "gallery_pids": [
        6,
        6,
        44,
        43,
        31
      ],
      "query_camid": 3,
      "query_path": "/home/cgv841/datasets/SYSU-MM01/cam3/0006/0005.jpg",
      "query_pid": 6,
      "scores": [
        0.7665294408798218,
        0.6801885366439819,
        0.6672714948654175,
        0.6580673456192017,
        0.6428603529930115
      ]
    },
    {
      "gallery_paths": [
        "/home/cgv841/datasets/SYSU-MM01/cam3/0006/0016.jpg",
        "/home/cgv841/datasets/SYSU-MM01/cam3/0031/0001.jpg",
        "/home/cgv841/datasets/SYSU-MM01/cam3/0040/0002.jpg",
        "/home/cgv841/datasets/SYSU-MM01/cam3/0043/0003.jpg",
        "/home/cgv841/datasets/SYSU-MM01/cam6/0006/0004.jpg"
      ],
      "gallery_pids": [
        6,
        31,
        40,
        43,
        6
      ],
      "query_camid": 3,
      "query_path": "/home/cgv841/datasets/SYSU-MM01/cam3/0006/0006.jpg",
      "query_pid": 6,
      "scores": [
        0.902558445930481,
        0.5060567259788513,
        0.485625684261322,
        0.47247248888015747,
        0.4702666997909546
      ]
    },
    {
      "gallery_paths": [
        "/home/cgv841/datasets/SYSU-MM01/cam3/0006/0016.jpg",
        "/home/cgv841/datasets/SYSU-MM01/cam6/0006/0004.jpg",
        "/home/cgv841/datasets/SYSU-MM01/cam3/0044/0015.jpg",
        "/home/cgv841/datasets/SYSU-MM01/cam3/0040/0002.jpg",
        "/home/cgv841/datasets/SYSU-MM01/cam3/0043/0003.jpg"
      ],
      "gallery_pids": [
        6,
        6,
        44,
        40,
        43
      ],
      "query_camid": 3,
      "query_path": "/home/cgv841/datasets/SYSU-MM01/cam3/0006/0007.jpg",
      "query_pid": 6,
      "scores": [
        0.9126344919204712,
        0.5616157054901123,
        0.5153789520263672,
        0.44041842222213745,
        0.43494707345962524
      ]
    },
    {
      "gallery_paths": [
        "/home/cgv841/datasets/SYSU-MM01/cam3/0006/0016.jpg",
        "/home/cgv841/datasets/SYSU-MM01/cam6/0006/0004.jpg",
        "/home/cgv841/datasets/SYSU-MM01/cam6/0010/0013.jpg",
        "/home/cgv841/datasets/SYSU-MM01/cam3/0040/0002.jpg",
        "/home/cgv841/datasets/SYSU-MM01/cam3/0043/0003.jpg"
      ],
      "gallery_pids": [
        6,
        6,
        10,
        40,
        43
      ],
      "query_camid": 3,
      "query_path": "/home/cgv841/datasets/SYSU-MM01/cam3/0006/0008.jpg",
      "query_pid": 6,
      "scores": [
        0.919969379901886,
        0.6685221195220947,
        0.5620297193527222,
        0.5355368256568909,
        0.498383104801178
      ]
    }
  ]
}