{
  "metrics": {
    "mAP": 0.8972816278253006,
    "modality": "rgb",
    "mode": "all",
    "num_gallery_candidates": 6775,
    "num_queries": 6775,
    "protocol": "same_modality",
    "rank1": 0.9295471417965849,
    "rank10": 0.9901559020044545,
    "rank20": 0.9932739420935415,
    "rank5": 0.9852412769116556
  },
  "retrieval_examples": [
    {
      "gallery_paths": [
        "/home/cgv841/datasets/SYSU-MM01/cam1/0006/0041.jpg",
        "/home/cgv841/datasets/SYSU-MM01/cam5/0006/0009.jpg",
        "/home/cgv841/datasets/SYSU-MM01/cam2/0006/0004.jpg",
        "/home/cgv841/datasets/SYSU-MM01/cam4/0006/0001.jpg",
        "/home/cgv841/datasets/SYSU-MM01/cam1/0172/0035.jpg"
      ],
      "gallery_pids": [
        6,
        6,
        6,
        6,
        172
      ],
      "query_camid": 1,
      "query_path": "/home/cgv841/datasets/SYSU-MM01/cam1/0006/0001.jpg",
      "query_pid": 6,
      "scores": [
        0.8665263652801514,
        0.8035019636154175,
        0.8023334741592407,
        0.7763553857803345,
        0.4208001494407654
      ]
    },
    {
      "gallery_paths": [
        "/home/cgv841/datasets/SYSU-MM01/cam4/0006/0001.jpg",
        "/home/cgv841/datasets/SYSU-MM01/cam1/0006/0041.jpg",
        "/home/cgv841/datasets/SYSU-MM01/cam2/0006/0004.jpg",
        "/home/cgv841/datasets/SYSU-MM01/cam5/0006/0009.jpg",
        "/home/cgv841/datasets/SYSU-MM01/cam1/0172/0035.jpg"
      ],
      "gallery_pids": [
        6,
        6,
        6,
        6,
        172
      ],
      "query_camid": 1,
      "query_path": "/home/cgv841/datasets/SYSU-MM01/cam1/0006/0002.jpg",
      "query_pid": 6,
      "scores": [
        0.8305873870849609,
        0.8087941408157349,
        0.8072807788848877,
        0.7774513363838196,
        0.45515546202659607
      ]
    },
    {
      "gallery_paths": [
        "/home/cgv841/datasets/SYSU-MM01/cam1/0006/0041.jpg",
        "/home/cgv841/datasets/SYSU-MM01/cam2/0006/0004.jpg",
        "/home/cgv841/datasets/SYSU-MM01/cam5/0006/0009.jpg",
        "/home/cgv841/datasets/SYSU-MM01/cam4/0006/0001.jpg",
        "/home/cgv841/datasets/SYSU-MM01/cam2/0253/0003.jpg"
      ],
      "gallery_pids": [
        6,
        6,
        6,
        6,
        253
      ],
      "query_camid": 1,
      "query_path": "/home/cgv841/datasets/SYSU-MM01/cam1/0006/0003.jpg",
      "query_pid": 6,
      "scores": [
        0.8694972991943359,
        0.8513537645339966,
        0.8477800488471985,
        0.8443583250045776,
        0.4434458613395691
      ]
    },
    {
      "gallery_paths": [
        "/home/cgv841/datasets/SYSU-MM01/cam1/0006/0041.jpg",
        "/home/cgv841/datasets/SYSU-MM01/cam5/0006/0009.jpg",
        "/home/cgv841/datasets/SYSU-MM01/cam2/0006/0004.jpg",
        "/home/cgv841/datasets/SYSU-MM01/cam4/0006/0001.jpg",
        "/home/cgv841/datasets/SYSU-MM01/cam2/0253/0003.jpg"
      ],
      "gallery_pids": [
        6,
        6,
        6,
        6,
        253
      ],
      "query_camid": 1,
      "query_path": "/home/cgv841/datasets/SYSU-MM01/cam1/0006/0004.jpg",
      "query_pid": 6,
      "scores": [
        0.8514672517776489,
        0.8488980531692505,
        0.8449887037277222,
        0.828340470790863,
        0.48220396041870117
      ]
    },
    {
      "gallery_paths": [
        "/home/cgv841/datasets/SYSU-MM01/cam5/0006/0009.jpg",
        "/home/cgv841/datasets/SYSU-MM01/cam1/0006/0041.jpg",
        "/home/cgv841/datasets/SYSU-MM01/cam2/0006/0004.jpg",
        "/home/cgv841/datasets/SYSU-MM01/cam4/0006/0001.jpg",
        "/home/cgv841/datasets/SYSU-MM01/cam2/0253/0003.jpg"
      ],
      "gallery_pids": [
        6,
        6,
        6,
        6,
        253
      ],
      "query_camid": 1,
      "query_path": "/home/cgv841/datasets/SYSU-MM01/cam1/0006/0005.jpg",
      "query_pid": 6,
      "scores": [
        0.8864091634750366,
        0.8775486946105957,
        0.8606791496276855,
        0.8204280138015747,
        0.5577889680862427
      ]
    },
    {
      "gallery_paths": [
        "/home/cgv841/datasets/SYSU-MM01/cam5/0006/0009.jpg",
        "/home/cgv841/datasets/SYSU-MM01/cam2/0006/0004.jpg",
        "/home/cgv841/datasets/SYSU-MM01/cam1/0006/0041.jpg",
        "/home/cgv841/datasets/SYSU-MM01/cam4/0006/0001.jpg",
        "/home/cgv841/datasets/SYSU-MM01/cam2/0253/0003.jpg"
      ],
      "gallery_pids": [
        6,
        6,
        6,
        6,
        253
      ],
      "query_camid": 1,
      "query_path": "/home/cgv841/datasets/SYSU-MM01/cam1/0006/0006.jpg",
      "query_pid": 6,
      "scores": [
        0.8845164775848389,
        0.8742212057113647,
        0.8667590618133545,
        0.8150722980499268,
        0.5676567554473877
      ]
    },
    {
      "gallery_paths": [
        "/home/cgv841/datasets/SYSU-MM01/cam5/0006/0009.jpg",
        "/home/cgv841/datasets/SYSU-MM01/cam2/0006/0004.jpg",
        "/home/cgv841/datasets/SYSU-MM01/cam1/0006/0041.jpg",
        "/home/cgv841/datasets/SYSU-MM01/cam4/0006/0001.jpg",
        "/home/cgv841/datasets/SYSU-MM01/cam2/0253/0003.jpg"
      ],
      "gallery_pids": [
        6,
        6,
        6,
        6,
        253
      ],
      "query_camid": 1,
      "query_path": "/home/cgv841/datasets/SYSU-MM01/cam1/0006/0007.jpg",
      "query_pid": 6,
      "scores": [
        0.8841637372970581,
        0.8698951005935669,
        0.8524705767631531,
        0.8149896860122681,
        0.617967963218689
      ]
    },
    {
      "gallery_paths": [
        "/home/cgv841/datasets/SYSU-MM01/cam2/0006/0004.jpg",
        "/home/cgv841/datasets/SYSU-MM01/cam5/0006/0009.jpg",
        "/home/cgv841/datasets/SYSU-MM01/cam1/0006/0041.jpg",
        "/home/cgv841/datasets/SYSU-MM01/cam4/0006/0001.jpg",
        "/home/cgv841/datasets/SYSU-MM01/cam2/0253/0003.jpg"
      ],
      "gallery_pids": [
        6,
        6,
        6,
        6,
        253
      ],
      "query_camid": 1,
      "query_path": "/home/cgv841/datasets/SYSU-MM01/cam1/0006/0008.jpg",
      "query_pid": 6,
      "scores": [
        0.8876070976257324,
        0.8808910846710205,
        0.8784955739974976,
        0.8161592483520508,
        0.5476802587509155
      ]
    }
  ]
}